CHAT_TRANSCRIPT.md	3689 bytes
README.md	1907 bytes
assets/belentani-archive-portrait.jpg	4549153 bytes
assets/belentani-hero-red-nebula.jpg	5108305 bytes
assets/belentani-mark.png	3519574 bytes
assets/belentani-mark_original.png	2339303 bytes
assets/belentani-portal-field.jpg	5504980 bytes
assets/belentani-process-atlas.jpg	5130279 bytes
assets/pedro-rizado-perfil-01.jpg	59018 bytes
assets/pedro-rizado-perfil-02.jpg	275570 bytes
metadata/asset-provenance.md	1116 bytes
metadata/destinations.md	805 bytes
project/.gitignore	1384 bytes
project/.gitkeep	0 bytes
project/.prettierignore	42 bytes
project/.prettierrc	310 bytes
project/.project-config.json	1327 bytes
project/ARCHITECTURE.md	5234 bytes
project/client/index.html	1682 bytes
project/client/public/.gitkeep	0 bytes
project/client/public/__manus__/debug-collector.js	25168 bytes
project/client/public/__manus__/version.json	57 bytes
project/client/src/App.tsx	1556 bytes
project/client/src/components/EditorialPrimitives.tsx	2194 bytes
project/client/src/components/ErrorBoundary.tsx	1688 bytes
project/client/src/components/ManusDialog.tsx	2370 bytes
project/client/src/components/Map.tsx	4932 bytes
project/client/src/components/Shell.tsx	5081 bytes
project/client/src/components/ui/accordion.tsx	2048 bytes
project/client/src/components/ui/alert-dialog.tsx	3866 bytes
project/client/src/components/ui/alert.tsx	1622 bytes
project/client/src/components/ui/aspect-ratio.tsx	269 bytes
project/client/src/components/ui/avatar.tsx	1090 bytes
project/client/src/components/ui/badge.tsx	1639 bytes
project/client/src/components/ui/breadcrumb.tsx	2371 bytes
project/client/src/components/ui/button-group.tsx	2220 bytes
project/client/src/components/ui/button.tsx	2097 bytes
project/client/src/components/ui/calendar.tsx	7663 bytes
project/client/src/components/ui/card.tsx	1997 bytes
project/client/src/components/ui/carousel.tsx	5603 bytes
project/client/src/components/ui/chart.tsx	10113 bytes
project/client/src/components/ui/checkbox.tsx	1218 bytes
project/client/src/components/ui/collapsible.tsx	791 bytes
project/client/src/components/ui/command.tsx	4838 bytes
project/client/src/components/ui/context-menu.tsx	8284 bytes
project/client/src/components/ui/dialog.tsx	6023 bytes
project/client/src/components/ui/drawer.tsx	4255 bytes
project/client/src/components/ui/dropdown-menu.tsx	8434 bytes
project/client/src/components/ui/empty.tsx	2406 bytes
project/client/src/components/ui/field.tsx	6057 bytes
project/client/src/components/ui/form.tsx	3801 bytes
project/client/src/components/ui/hover-card.tsx	1525 bytes
project/client/src/components/ui/input-group.tsx	5066 bytes
project/client/src/components/ui/input-otp.tsx	2253 bytes
project/client/src/components/ui/input.tsx	2728 bytes
project/client/src/components/ui/item.tsx	4513 bytes
project/client/src/components/ui/kbd.tsx	866 bytes
project/client/src/components/ui/label.tsx	602 bytes
project/client/src/components/ui/menubar.tsx	8405 bytes
project/client/src/components/ui/navigation-menu.tsx	6680 bytes
project/client/src/components/ui/pagination.tsx	2726 bytes
project/client/src/components/ui/popover.tsx	1629 bytes
project/client/src/components/ui/progress.tsx	731 bytes
project/client/src/components/ui/radio-group.tsx	1459 bytes
project/client/src/components/ui/resizable.tsx	2023 bytes
project/client/src/components/ui/scroll-area.tsx	1637 bytes
project/client/src/components/ui/select.tsx	6297 bytes
project/client/src/components/ui/separator.tsx	690 bytes
project/client/src/components/ui/sheet.tsx	4107 bytes
project/client/src/components/ui/sidebar.tsx	21946 bytes
project/client/src/components/ui/skeleton.tsx	279 bytes
project/client/src/components/ui/slider.tsx	1988 bytes
project/client/src/components/ui/sonner.tsx	561 bytes
project/client/src/components/ui/spinner.tsx	335 bytes
project/client/src/components/ui/switch.tsx	1168 bytes
project/client/src/components/ui/table.tsx	2445 bytes
project/client/src/components/ui/tabs.tsx	1963 bytes
project/client/src/components/ui/textarea.tsx	2613 bytes
project/client/src/components/ui/toggle-group.tsx	1936 bytes
project/client/src/components/ui/toggle.tsx	1563 bytes
project/client/src/components/ui/tooltip.tsx	1886 bytes
project/client/src/const.ts	643 bytes
project/client/src/contexts/LocaleContext.tsx	2137 bytes
project/client/src/contexts/ThemeContext.tsx	1467 bytes
project/client/src/data/content.ts	38150 bytes
project/client/src/hooks/useComposition.ts	2333 bytes
project/client/src/hooks/useMobile.tsx	584 bytes
project/client/src/hooks/usePersistFn.ts	471 bytes
project/client/src/index.css	33270 bytes
project/client/src/lib/utils.ts	169 bytes
project/client/src/main.tsx	157 bytes
project/client/src/pages/EditorialPage.tsx	7256 bytes
project/client/src/pages/Home.tsx	6990 bytes
project/client/src/pages/NotFound.tsx	1756 bytes
project/components.json	388 bytes
project/ideas.md	9795 bytes
project/package.json	3345 bytes
project/patches/wouter@3.7.1.patch	915 bytes
project/pnpm-lock.yaml	260363 bytes
project/server/index.ts	919 bytes
project/shared/const.ts	99 bytes
project/template.json	14338 bytes
project/todo.md	792 bytes
project/tsconfig.json	657 bytes
project/tsconfig.node.json	479 bytes
project/vite.config.ts	7501 bytes
versions/belentani-history.bundle	190889 bytes
versions/commits.txt	1086 bytes
